{
  "baseline": {
    "train_loss": [
      2.081983231523302,
      1.6317840473386978,
      1.455153018781874,
      1.3359343438254463,
      1.2456942015118069,
      1.1541649523629083,
      1.0814245461993748,
      1.001442947599623,
      0.930211651304033,
      0.8570978541904025,
      0.7832336397382949,
      0.7211862960709466,
      0.6544124064869351,
      0.5968904204156664,
      0.5513047862158881,
      0.4859879604869419,
      0.44017471339437697,
      0.40494455109172395,
      0.35560982714758976,
      0.3342426381693946,
      0.30684941385587056,
      0.2706133751180437,
      0.2495912782880995,
      0.2218898724714915,
      0.21435317924817404,
      0.18245065955585904,
      0.16481590434975094,
      0.16141682378980848,
      0.14127188647058275,
      0.15138526890012954,
      0.12214275696277618,
      0.10768670007520252,
      0.11068061714834637,
      0.11000515651305516,
      0.09338401596811083,
      0.097353284517924,
      0.0830619311094284,
      0.08314359908666875,
      0.08760757652322451,
      0.07576628867785136,
      0.07060935234129428,
      0.055165788912442,
      0.06926822327110503,
      0.05236187171869808,
      0.057705883620182676,
      0.047329137818680866,
      0.049280023951994045,
      0.044323092415597704,
      0.045602743595838546,
      0.0443137822051843
    ],
    "train_acc": [
      0.23237777777777777,
      0.41004444444444443,
      0.47906666666666664,
      0.5253111111111111,
      0.5583111111111111,
      0.5896444444444444,
      0.6162222222222222,
      0.6427777777777778,
      0.6704222222222223,
      0.6956444444444444,
      0.7231555555555556,
      0.7431777777777778,
      0.7670444444444444,
      0.7869555555555555,
      0.8042,
      0.8287555555555556,
      0.8436444444444444,
      0.8562666666666666,
      0.8729777777777777,
      0.8824,
      0.8914666666666666,
      0.9055111111111112,
      0.9129111111111111,
      0.9224888888888889,
      0.9270222222222222,
      0.9359555555555555,
      0.9420666666666667,
      0.9444,
      0.9505555555555556,
      0.9479777777777778,
      0.9574222222222222,
      0.9632444444444445,
      0.9618444444444444,
      0.9622666666666667,
      0.9682222222222222,
      0.9665777777777778,
      0.9717111111111111,
      0.9722,
      0.9701111111111111,
      0.9741777777777778,
      0.9754666666666667,
      0.9824888888888889,
      0.9763333333333334,
      0.982,
      0.9801333333333333,
      0.9844888888888889,
      0.9841555555555556,
      0.9854222222222222,
      0.9849111111111111,
      0.9851333333333333
    ],
    "val_loss": [
      1.7693490566253662,
      1.5311790826797484,
      1.4208377216339112,
      1.398276598930359,
      1.3595970420837402,
      1.3725916198730468,
      1.3234063831329346,
      1.3587099357604981,
      1.3715721284866333,
      1.4135709476470948,
      1.4750569246292113,
      1.4339294605255126,
      1.5239191684722901,
      1.615138826751709,
      1.7008922077178954,
      1.7568625411987304,
      1.8047644653320312,
      1.9073136699676514,
      2.03470525932312,
      2.1575297241210936,
      2.189632487487793,
      2.2261355682373045,
      2.1800715965270996,
      2.4057364791870115,
      2.3289345764160156,
      2.635144934082031,
      2.5576306690216066,
      2.5975422687530516,
      2.802632629394531,
      2.6969055908203123,
      3.004983920288086,
      3.1017348251342773,
      3.060990008544922,
      2.9813404552459715,
      2.8963473155975343,
      3.0674517295837402,
      3.2422464447021486,
      3.034802793121338,
      3.196096614074707,
      3.106031103515625,
      3.3141486083984373,
      3.3264553184509276,
      3.3448628860473635,
      3.375277275085449,
      3.399498267364502,
      3.492707544708252,
      3.6735843376159667,
      3.6729764625549315,
      3.78582274017334,
      3.6797145141601564
    ],
    "val_acc": [
      0.3562,
      0.455,
      0.4962,
      0.5106,
      0.5184,
      0.5252,
      0.5444,
      0.5438,
      0.5468,
      0.5302,
      0.5304,
      0.5552,
      0.5374,
      0.533,
      0.5436,
      0.542,
      0.5252,
      0.5364,
      0.5448,
      0.533,
      0.5526,
      0.5402,
      0.5382,
      0.542,
      0.5404,
      0.5396,
      0.5452,
      0.5434,
      0.5452,
      0.5414,
      0.5458,
      0.553,
      0.548,
      0.5514,
      0.546,
      0.5372,
      0.5292,
      0.5464,
      0.5408,
      0.5468,
      0.5424,
      0.5482,
      0.554,
      0.5536,
      0.5376,
      0.5492,
      0.54,
      0.5404,
      0.5522,
      0.5542
    ]
  },
  "regularized": {
    "train_loss": [
      1.8472932556788126,
      1.6181898165173,
      1.5317051379945543,
      1.468603214518229,
      1.4296698890686035,
      1.3816305499606663,
      1.3508859064102172,
      1.3213831757015653,
      1.294862212393019,
      1.2731841703626845,
      1.2460250774171617,
      1.2260986582226223,
      1.2051714568244087,
      1.1816921703762477,
      1.1684468169954088,
      1.147100371170044,
      1.134244679345025,
      1.1160090218014187,
      1.106284905327691,
      1.0926709508895873,
      1.075925333044264,
      1.0612230713526407,
      1.049974720785353,
      1.034428958214654,
      1.0214715747409397,
      1.013034220737881,
      0.9914762115690443,
      0.9870113929748535,
      0.9718926649517483,
      0.9597378024525113,
      0.9499003920873006,
      0.9430955049938625,
      0.9328676298353407,
      0.9253265358289083,
      0.9274746707704332,
      0.9110496868345472,
      0.9004877519183688,
      0.8950853320015801,
      0.8847917710940043,
      0.8849015560150146,
      0.8817434548060099,
      0.8756852387958103,
      0.8691137701034546,
      0.8616408871968587,
      0.8563588731977675,
      0.8521607249789768,
      0.8458698355144925,
      0.8372473155975342,
      0.8367828200022379,
      0.8375954483032226
    ],
    "train_acc": [
      0.32722222222222225,
      0.4226,
      0.4532,
      0.4795333333333333,
      0.4947111111111111,
      0.5122,
      0.5214444444444445,
      0.5353555555555556,
      0.5452888888888889,
      0.5532,
      0.5598666666666666,
      0.5675777777777777,
      0.5783111111111111,
      0.5856666666666667,
      0.5921777777777778,
      0.5973333333333334,
      0.6045777777777778,
      0.6084444444444445,
      0.6141111111111112,
      0.6188444444444444,
      0.6274222222222222,
      0.6326888888888889,
      0.6344666666666666,
      0.6416666666666667,
      0.6462444444444444,
      0.6499777777777778,
      0.6582888888888889,
      0.6580888888888888,
      0.6649333333333334,
      0.6687333333333333,
      0.673,
      0.6750666666666667,
      0.6788222222222222,
      0.6794666666666667,
      0.6823777777777777,
      0.6854888888888889,
      0.6903777777777778,
      0.6938888888888889,
      0.6955333333333333,
      0.6958888888888889,
      0.6992888888888888,
      0.7014,
      0.7022888888888889,
      0.7068888888888889,
      0.7064666666666667,
      0.7088888888888889,
      0.7081777777777778,
      0.7149777777777778,
      0.7124,
      0.7128
    ],