{
  "baseline": {
    "train_loss": [
      1.7548373735427856,
      1.489383054860433,
      1.339431557506985,
      1.2389496863683065,
      1.1512342389424641,
      1.0437151368459066,
      0.9776948858896891,
      0.8929825058089362,
      0.8673854657067193,
      0.7388710013707479,
      0.6836793235778809,
      0.5988729472584194,
      0.5699622146818373,
      0.48640477044847275,
      0.44490171851582,
      0.19909826092720032,
      0.15652816461986965,
      0.15387037017875246,
      0.144714540804757,
      0.13424301098187766,
      0.126219023376041,
      0.11730119271278382,
      0.1341876933813095,
      0.10624014013873206,
      0.1223258277601666,
      0.09537163154151705,
      0.0941427220887608,
      0.07084887817435795,
      0.05583462840186225,
      0.08577953191366461,
      0.008183130741440173,
      0.003214276445077525,
      0.0026850814361746114,
      0.0015731193542066547,
      0.0012358154449094501,
      0.0010446022264659406,
      0.0008540031297184113,
      0.0007465949222755929,
      0.0006720020243484113,
      0.0006537870585142325,
      0.0005525188668527536,
      0.0004994688553942575,
      0.00047694476287708516,
      0.00043339674067166117,
      0.0004040950813796371,
      0.0003889267369846089,
      0.0003793863493328293,
      0.000367586997937825,
      0.00035636022162830665,
      0.0003475868863312321
    ],
    "train_acc": [
      0.35786666666666667,
      0.46442222222222224,
      0.5212444444444444,
      0.5626666666666666,
      0.5877555555555556,
      0.6331111111111111,
      0.6580888888888888,
      0.689,
      0.6937777777777778,
      0.7426,
      0.7585555555555555,
      0.7904888888888889,
      0.8024,
      0.8315333333333333,
      0.8434222222222222,
      0.9376222222222222,
      0.9520666666666666,
      0.9474444444444444,
      0.9520444444444445,
      0.9538444444444445,
      0.9558,
      0.9605777777777778,
      0.9529111111111112,
      0.9624444444444444,
      0.9570222222222222,
      0.9676444444444444,
      0.9677333333333333,
      0.9767333333333333,
      0.9819555555555556,
      0.9711555555555555,
      0.9984888888888889,
      0.9998444444444444,
      0.9995333333333334,
      0.9999333333333333,
      1.0,
      1.0,
      1.0,
      1.0,
      1.0,
      1.0,
      1.0,
      1.0,
      1.0,
      1.0,
      1.0,
      1.0,
      1.0,
      1.0,
      1.0,
      1.0
    ],
    "val_loss": [
      1.7693490566253662,
      1.5526280490875244,
      1.4463465648651124,
      1.4174202041625976,
      1.3925115345954895,
      1.3755235132217407,
      1.3898781927108765,
      1.3503711540222167,
      1.420559188079834,
      1.3742317470550538,
      1.436373641204834,
      1.4837074747085572,
      1.558780520248413,
      1.6026119743347167,
      1.658198790359497,
      1.9964727798461914,
      2.136572952270508,
      2.3613720596313477,
      2.4696767738342285,
      2.701819835662842,
      2.87835323638916,
      2.7874869338989257,
      2.966065852355957,
      2.986279504394531,
      3.06704533996582,
      3.1316143020629883,
      3.116866072845459,
      3.1184748207092285,
      3.3446720207214358,
      3.332554044342041,
      3.499574967956543,
      3.7033366271972654,
      3.8218834564208986,
      3.9391976959228514,
      4.047683068084717,
      4.106017666625976,
      4.169779084777832,
      4.229876327514648,
      4.270303866577148,
      4.311540856170654,
      4.356807752990723,
      4.392748321533203,
      4.420358209228516,
      4.455400926971436,
      4.486659674072266,
      4.49944326171875,
      4.514441076660156,
      4.526733480834961,
      4.540234870910645,
      4.5519380828857425
    ],
    "val_acc": [
      0.3562,
      0.4426,
      0.4864,
      0.5036,
      0.5106,
      0.5264,
      0.5244,
      0.5366,
      0.5262,
      0.5486,
      0.5286,
      0.5404,
      0.5392,
      0.5436,
      0.5336,
      0.553,
      0.5592,
      0.5502,
      0.5524,
      0.5374,
      0.543,
      0.5386,
      0.5458,
      0.5464,
      0.5374,
      0.5522,
      0.5506,
      0.5474,
      0.5548,
      0.542,
      0.5632,
      0.5628,
      0.5632,
      0.5608,
      0.56,
      0.5622,
      0.5596,
      0.5594,
      0.5588,
      0.5598,
      0.559,
      0.5604,
      0.56,
      0.5598,
      0.5604,
      0.5594,
      0.5586,
      0.5594,
      0.5598,
      0.56
    ]
  },
  "regularized": {
    "train_loss": [
      1.7466871625264486,
      1.6636317703670926,
      1.5894948346667819,
      1.5262462841245863,
      1.5178255261951024,
      1.475360103670756,
      1.4487180855221218,
      1.4233925729539658,
      1.4116917713589139,
      1.4270318054623075,
      1.392000262090895,
      1.3715304512023925,
      1.3603639288160536,
      1.3559669359207154,
      1.3495378144158257,
      1.3131614223480224,
      1.2956208210627238,
      1.2908388746473525,
      1.2888738730324638,
      1.2637878822750515,
      1.2628973018646241,
      1.2669903801600138,
      1.2588188159094917,
      1.2518652954525418,
      1.245522349082099,
      1.2362514208687676,
      1.2278281191507976,
      1.2276012514962091,
      1.2302741345087687,
      1.2276958969116212,
      1.2017704561021594,
      1.1909318794674344,
      1.1934437947167291,
      1.200502934434679,
      1.1778791203816732,
      1.1818507165484957,
      1.172404426489936,
      1.1646898392995197,
      1.1740248722076416,
      1.162940339618259,
      1.1634630686865912,
      1.1536003333833482,
      1.1502484528435601,
      1.1516331211302016,
      1.14890393954383,
      1.135598266389635,
      1.1289047893948025,
      1.117955640241835,
      1.1202095164193047,
      1.1225804205364651
    ],
    "train_acc": [
      0.366,
      0.40071111111111113,
      0.42262222222222223,
      0.4506888888888889,
      0.4467555555555556,
      0.46486666666666665,
      0.4726888888888889,
      0.4890888888888889,
      0.4908,
      0.4825111111111111,
      0.4971777777777778,
      0.5051333333333333,
      0.5093333333333333,
      0.5133111111111112,
      0.511,
      0.5305777777777778,
      0.5356,
      0.5367777777777778,
      0.5362222222222223,
      0.5498444444444445,
      0.5495111111111111,
      0.5467777777777778,
      0.5465333333333333,
      0.5524666666666667,
      0.5564666666666667,
      0.5581333333333334,
      0.5631777777777778,
      0.5622444444444444,
      0.5628,
      0.5632666666666667,
      0.5709333333333333,
      0.5764888888888889,
      0.5748666666666666,
      0.5718666666666666,
      0.5816888888888889,
      0.5779333333333333,
      0.5854444444444444,
      0.5838444444444445,
      0.5807333333333333,
      0.5875333333333334,
      0.5853111111111111,
      0.5892444444444445,
      0.5918,
      0.5898666666666667,
      0.5916888888888889,
      0.596,
      0.5978888888888889,
      0.6022,
      0.6020222222222222,
      0.6010222222222222
    ],