{
  "baseline": {
    "train_loss": [
      2.081983231523302,
      1.6317840473386978,
      1.455153018781874,
      1.3359343438254463,
      1.2456942015118069,
      1.1541649523629083,
      1.0814245461993748,
      1.001442947599623,
      0.930211651304033,
      0.8570978541904025,
      0.7832336397382949,
      0.7211862960709466,
      0.6544124064869351,
      0.5968904204156664,
      0.5513047862158881,
      0.4859879604869419,
      0.44017471339437697,
      0.40494455109172395,
      0.35560982714758976,
      0.3342426381693946,
      0.30684941385587056,
      0.2706133751180437,
      0.2495912782880995,
      0.2218898724714915,
      0.21435317924817404,
      0.18245065955585904,
      0.16481590434975094,
      0.16141682378980848,
      0.14127188647058275,
      0.15138526890012954,
      0.12214275696277618,
      0.10768670007520252,
      0.11068061714834637,
      0.11000515651305516,
      0.09338401596811083,
      0.097353284517924,
      0.0830619311094284,
      0.08314359908666875,
      0.08760757652322451,
      0.07576628867785136,
      0.07060935234129428,
      0.055165788912442,
      0.06926822327110503,
      0.05236187171869808,
      0.057705883620182676,
      0.047329137818680866,
      0.049280023951994045,
      0.044323092415597704,
      0.045602743595838546,
      0.0443137822051843
    ],
    "train_acc": [
      0.23237777777777777,
      0.41004444444444443,
      0.47906666666666664,
      0.5253111111111111,
      0.5583111111111111,
      0.5896444444444444,
      0.6162222222222222,
      0.6427777777777778,
      0.6704222222222223,
      0.6956444444444444,
      0.7231555555555556,
      0.7431777777777778,
      0.7670444444444444,
      0.7869555555555555,
      0.8042,
      0.8287555555555556,
      0.8436444444444444,
      0.8562666666666666,
      0.8729777777777777,
      0.8824,
      0.8914666666666666,
      0.9055111111111112,
      0.9129111111111111,
      0.9224888888888889,
      0.9270222222222222,
      0.9359555555555555,
      0.9420666666666667,
      0.9444,
      0.9505555555555556,
      0.9479777777777778,
      0.9574222222222222,
      0.9632444444444445,
      0.9618444444444444,
      0.9622666666666667,
      0.9682222222222222,
      0.9665777777777778,
      0.9717111111111111,
      0.9722,
      0.9701111111111111,
      0.9741777777777778,
      0.9754666666666667,
      0.9824888888888889,
      0.9763333333333334,
      0.982,
      0.9801333333333333,
      0.9844888888888889,
      0.9841555555555556,
      0.9854222222222222,
      0.9849111111111111,
      0.9851333333333333
    ],
    "val_loss": [
      1.7693490566253662,
      1.5311790826797484,
      1.4208377216339112,
      1.398276598930359,
      1.3595970420837402,
      1.3725916198730468,
      1.3234063831329346,
      1.3587099357604981,
      1.3715721284866333,
      1.4135709476470948,
      1.4750569246292113,
      1.4339294605255126,
      1.5239191684722901,
      1.615138826751709,
      1.7008922077178954,
      1.7568625411987304,
      1.8047644653320312,
      1.9073136699676514,
      2.03470525932312,
      2.1575297241210936,
      2.189632487487793,
      2.2261355682373045,
      2.1800715965270996,
      2.4057364791870115,
      2.3289345764160156,
      2.635144934082031,
      2.5576306690216066,
      2.5975422687530516,
      2.802632629394531,
      2.6969055908203123,
      3.004983920288086,
      3.1017348251342773,
      3.060990008544922,
      2.9813404552459715,
      2.8963473155975343,
      3.0674517295837402,
      3.2422464447021486,
      3.034802793121338,
      3.196096614074707,
      3.106031103515625,
      3.3141486083984373,
      3.3264553184509276,
      3.3448628860473635,
      3.375277275085449,
      3.399498267364502,
      3.492707544708252,
      3.6735843376159667,
      3.6729764625549315,
      3.78582274017334,
      3.6797145141601564
    ],
    "val_acc": [
      0.3562,
      0.455,
      0.4962,
      0.5106,
      0.5184,
      0.5252,
      0.5444,
      0.5438,
      0.5468,
      0.5302,
      0.5304,
      0.5552,
      0.5374,
      0.533,
      0.5436,
      0.542,
      0.5252,
      0.5364,
      0.5448,
      0.533,
      0.5526,
      0.5402,
      0.5382,
      0.542,
      0.5404,
      0.5396,
      0.5452,
      0.5434,
      0.5452,
      0.5414,
      0.5458,
      0.553,
      0.548,
      0.5514,
      0.546,
      0.5372,
      0.5292,
      0.5464,
      0.5408,
      0.5468,
      0.5424,
      0.5482,
      0.554,
      0.5536,
      0.5376,
      0.5492,
      0.54,
      0.5404,
      0.5522,
      0.5542
    ]
  },
  "regularized": {
    "train_loss": [
      1.987145936457316,
      1.8101294685787626,
      1.7431166272481282,
      1.6950175320731269,
      1.664397782304552,
      1.6342071363661024,
      1.6132510631137424,
      1.5900737431632148,
      1.582255462053087,
      1.5648023082945082,
      1.5554217333475748,
      1.545654353904724,
      1.5274220989227294,
      1.5214775248209635,
      1.5120538686540392,
      1.5077917089674209,
      1.4950058182610406,
      1.4936428443908691,
      1.4868142946455214,
      1.4754221983379787,
      1.4757624974780612,
      1.465198129357232,
      1.4598219342973497,
      1.460082974158393,
      1.449457026884291,
      1.4453432024214004,
      1.447256282128228,
      1.4387594544940525,
      1.435180352613661,
      1.432799241511027,
      1.4288163903130426,
      1.4228726417753432,
      1.4204120441648695,
      1.4183318566216363,
      1.4124086173587376,
      1.40860024717119,
      1.4048706494437324,
      1.4054372141520182,
      1.4032710773679946,
      1.3963261434343126,
      1.39779534195794,
      1.4014070827907985,
      1.394803261036343,
      1.3891527436362372,
      1.391239179526435,
      1.3926415981928508,
      1.3869304322984484,
      1.3834638224071927,
      1.3847733154296875,
      1.3821782145606147
    ],
    "train_acc": [
      0.2650666666666667,
      0.3356,
      0.3667111111111111,
      0.38651111111111114,
      0.3974,
      0.4119777777777778,
      0.42133333333333334,
      0.4292666666666667,
      0.42973333333333336,
      0.43624444444444443,
      0.43864444444444445,
      0.4434444444444444,
      0.45037777777777777,
      0.4550444444444444,
      0.4563333333333333,
      0.4579111111111111,
      0.46442222222222224,
      0.46286666666666665,
      0.46595555555555557,
      0.47157777777777776,
      0.47246666666666665,
      0.47375555555555554,
      0.4797777777777778,
      0.47573333333333334,
      0.4819777777777778,
      0.48355555555555557,
      0.4865111111111111,
      0.4842,
      0.48606666666666665,
      0.4882,
      0.48944444444444446,
      0.49202222222222225,
      0.4915777777777778,
      0.49377777777777776,
      0.4925777777777778,
      0.4968666666666667,
      0.49855555555555553,
      0.49891111111111114,
      0.49795555555555554,
      0.5030666666666667,
      0.5011777777777778,
      0.49955555555555553,
      0.5060666666666667,
      0.5039333333333333,
      0.5042666666666666,
      0.506,
      0.5066666666666667,
      0.5067555555555555,
      0.5068888888888889,
      0.5068888888888889
    ],