{
  "baseline": {
    "train_loss": [
      0.9442160656823052,
      0.7277630311648051,
      0.6243641502380372,
      0.5501003779411316,
      0.44711924940745035,
      0.36248709903293186,
      0.35063586665259466,
      0.24412794348398845,
      0.23547315749062434,
      0.1688433085150189,
      0.16136308572822147,
      0.1967399317794376,
      0.10108180822001563,
      0.1100381476190355,
      0.08511344941986931,
      0.054799344562159645,
      0.040387939743200936,
      0.0509637640396754
    ],
    "train_acc": [
      0.6602888888888889,
      0.7460222222222223,
      0.7799111111111111,
      0.8058666666666666,
      0.8462666666666666,
      0.8750666666666667,
      0.8771111111111111,
      0.9182444444444444,
      0.9124,
      0.9415555555555556,
      0.9433111111111111,
      0.9248,
      0.9689555555555556,
      0.9596,
      0.9709555555555556,
      0.9822666666666666,
      0.9876,
      0.9831333333333333
    ],
    "val_loss": [
      0.9700573600769044,
      0.7915179535865784,
      0.7090847000360488,
      0.6852080613136291,
      0.6267912069678306,
      0.580178921175003,
      0.626807505607605,
      0.5295399284958839,
      0.6201324055075645,
      0.5776997963547706,
      0.5958354517549276,
      0.7384581346035004,
      0.6305792929172516,
      0.6735510491967202,
      0.6842930424124003,
      0.6727319546759128,
      0.7153087843269109,
      0.7067394274070858
    ],
    "val_acc": [
      0.6518,
      0.7242,
      0.7434,
      0.7594,
      0.784,
      0.8026,
      0.8008,
      0.821,
      0.8026,
      0.8218,
      0.8194,
      0.7972,
      0.8262,
      0.8172,
      0.821,
      0.8316,
      0.8316,
      0.8282
    ],
    "stopped_epoch": 18
  },
  "mixup": {
    "train_loss": [
      1.0824784605026245,
      0.9054965636995104,
      0.8690622177441915,
      0.7748393461121453,
      0.6606063273006015,
      0.556923602994283,
      0.6134804744720459,
      0.5561085854530334,
      0.4533644979900784,
      0.3948593091540866,
      0.47748911804623073,
      0.34786028475761416,
      0.30945419308874345,
      0.2746410821861691,
      0.2378485246764289,
      0.20987525939146678,
      0.22068357644875844,
      0.27038486315409344,
      0.2678819230026669,
      0.23441798434787325,
      0.18285809162192873,
      0.1956517087539037,
      0.151664924759335,
      0.1391660350455178,
      0.1298985186431143,
      0.15296132495138381,
      0.14048306130303276,
      0.16264159981674617,
      0.22396568232907188,
      0.16146730698744455,
      0.1574244702683555,
      0.172661199315389,
      0.19813452577326032,
      0.12929846256309085,
      0.13858684612115224
    ],
    "train_acc": [
      0.6556888888888889,
      0.7225333333333334,
      0.7617111111111111,
      0.7555111111111111,
      0.8366888888888889,
      0.8432222222222222,
      0.8406222222222223,
      0.8542222222222222,
      0.9170222222222222,
      0.9337777777777778,
      0.9278222222222222,
      0.9615111111111111,
      0.9652222222222222,
      0.9690444444444445,
      0.9802,
      0.9878666666666667,
      0.9886,
      0.985,
      0.9922888888888889,
      0.9958222222222223,
      0.9991555555555556,
      0.9992222222222222,
      0.9996222222222222,
      0.9997777777777778,
      0.9998222222222222,
      0.9998666666666667,
      0.9998444444444444,
      0.9998666666666667,
      0.9998888888888889,
      0.9998444444444444,
      0.9999555555555556,
      0.9999777777777777,
      0.9998888888888889,
      0.9999777777777777,
      0.9999777777777777
    ],
    "val_loss": [
      1.1035797260284423,
      0.9517248264312744,
      0.9364785120010376,
      0.8438647403717041,
      0.77097536277771,
      0.6946603406906128,
      0.776501632475853,
      0.7575029569625854,
      0.6670664277076721,
      0.6291882200717926,
      0.7302581880569458,
      0.6388950218200684,
      0.6282430037736892,
      0.6264576218605041,
      0.6149532943964005,
      0.5966402118682861,
      0.6246642202377319,
      0.6724825181484222,
      0.691717421913147,
      0.6608908520698548,
      0.6187072178840637,
      0.6440449362039566,
      0.5935371561527252,
      0.5971088339090347,
      0.5845571326971054,
      0.6124972810268402,
      0.6081976360321045,
      0.6311353542327881,
      0.6990022884368896,
      0.6317593238830567,
      0.6275587093353272,
      0.6561651892662048,
      0.6839169944286346,
      0.6071318104743958,
      0.6122056474685669
    ],
    "val_acc": [
      0.6416,
      0.6996,
      0.726,
      0.7346,
      0.782,
      0.7834,
      0.7598,
      0.762,
      0.8166,
      0.8302,
      0.8112,
      0.8288,
      0.8304,
      0.8254,
      0.8208,
      0.833,
      0.8258,
      0.8156,
      0.817,
      0.8294,
      0.8508,
      0.8384,
      0.845,
      0.8388,
      0.8456,
      0.8424,
      0.8468,
      0.8462,
      0.839,
      0.835,
      0.8362,
      0.8406,
      0.8264,
      0.843,
      0.8446
    ],
    "stopped_epoch": 35
  },
  "baseline_test_acc": 0.8158,
  "mixup_test_acc": 0.8397,
  "param_count": 1440778,
  "config": {
    "num_epochs": 100,
    "batch_size": 128,
    "lr": 0.001,
    "alpha": 0.2,
    "epsilon": 0.1,
    "patience": 10,
    "lr_scheduler": "StepLR(step_size=20, gamma=0.5)",
    "grad_clip": 5.0
  }
}