{
  "baseline": {
    "train_loss": [
      1.3699771497302584,
      0.9220552049636841,
      0.7618684912575616,
      0.6620574252234565,
      0.5797335977554321,
      0.5073512996938494,
      0.44766825760735407,
      0.3939191125816769,
      0.3288173844019572,
      0.283404240793652,
      0.236631721745597,
      0.2122090305964152,
      0.1790347448958291,
      0.15984459556738537,
      0.12919669184949664,
      0.1280756175994873,
      0.10262642227808634,
      0.0989655990825759
    ],
    "train_acc": [
      0.5014,
      0.6729111111111111,
      0.7325555555555555,
      0.7666666666666667,
      0.7972,
      0.8228,
      0.8425777777777778,
      0.8606444444444444,
      0.8832,
      0.8994666666666666,
      0.9162444444444444,
      0.9243555555555556,
      0.9358,
      0.9420666666666667,
      0.9542444444444445,
      0.9544666666666667,
      0.9643333333333334,
      0.9652444444444445
    ],
    "val_loss": [
      0.9700573600769044,
      0.8926202262878418,
      0.8035991209030151,
      0.6677290348052979,
      0.6745790627002716,
      0.570074528169632,
      0.5985729931175708,
      0.5491940476775169,
      0.6639500629425049,
      0.7277987152725458,
      0.5821927733898162,
      0.6122783478498459,
      0.7079692993342876,
      0.6372060663700104,
      0.8209619696959853,
      0.6859982304558158,
      0.7126730434894561,
      0.7389278011314571
    ],
    "val_acc": [
      0.6518,
      0.673,
      0.7208,
      0.7606,
      0.7738,
      0.804,
      0.7878,
      0.814,
      0.7926,
      0.7874,
      0.817,
      0.816,
      0.8046,
      0.834,
      0.7952,
      0.8308,
      0.8218,
      0.829
    ],
    "stopped_epoch": 18
  },
  "mixup": {
    "train_loss": [
      1.7969468739403618,
      1.5097930102878148,
      1.3793959242926703,
      1.323632332441542,
      1.2555095713933309,
      1.2561949551900229,
      1.2144825031280517,
      1.1914398470030891,
      1.1529532300101386,
      1.0910100927140978,
      1.0925042468388875,
      1.059476239522298,
      1.0712108183966742,
      1.033619311841329,
      1.001695994313558,
      0.970124457444085,
      0.9801215029822455,
      0.9995236536026001,
      0.9660935180981954,
      0.9591676484002007,
      0.9663053588973152,
      0.9596509556028578,
      0.9036977408621046,
      0.9475824853897095
    ],
    "train_acc": [
      0.44822222222222224,
      0.6218222222222223,
      0.6916888888888889,
      0.7233777777777778,
      0.7598222222222222,
      0.7741333333333333,
      0.801,
      0.8058,
      0.8318222222222222,
      0.8561111111111112,
      0.8601111111111112,
      0.8739111111111111,
      0.8813333333333333,
      0.8954222222222222,
      0.9088666666666667,
      0.9241777777777778,
      0.9172888888888889,
      0.9179111111111111,
      0.9341111111111111,
      0.9347777777777778,
      0.9338444444444445,
      0.9294,
      0.9486,
      0.9414666666666667
    ],
    "val_loss": [
      1.1810439487457276,
      0.9117122455596924,
      0.9012370650291442,
      0.7725127767086029,
      0.7539286822319031,
      0.7639445267677307,
      0.7422503684997559,
      0.6591385464668273,
      0.6464613765716553,
      0.6615134641170501,
      0.697022375869751,
      0.614601914024353,
      0.6621357058525086,
      0.5721044422149658,
      0.695383174610138,
      0.61574835729599,
      0.6490324571609497,
      0.6008073721885682,
      0.5861344529151916,
      0.674552144241333,
      0.6468632550239563,
      0.6923224586486817,
      0.6210193842887879,
      0.5985412506103516
    ],
    "val_acc": [
      0.6206,
      0.6964,
      0.7448,
      0.7616,
      0.774,
      0.7936,
      0.8,
      0.815,
      0.8218,
      0.8168,
      0.8072,
      0.844,
      0.8196,
      0.826,
      0.838,
      0.8326,
      0.816,
      0.835,
      0.8382,
      0.8242,
      0.8274,
      0.8238,
      0.839,
      0.8346
    ],
    "stopped_epoch": 24
  },
  "baseline_test_acc": 0.8076,
  "mixup_test_acc": 0.8254,
  "param_count": 1440778,
  "config": {
    "num_epochs": 100,
    "batch_size": 128,
    "lr": 0.001,
    "alpha": 0.2,
    "epsilon": 0.1,
    "patience": 10
  }
}